id;nombre;apellido;correo
1;Buckinghamshire;Atún 5th Implementación;models web-enabled Plástico
2;vía Corporativo;Gorro;maximize Distribuido Helena
3;Vasco Personal;Camiseta Bermuda;Cambridgeshire Sorprendente
4;B2B;Ergonómico Ergonómico value-added;generating
5;circuit;neural;Zapatos por Reducido
6;programming Identidad Salud;Account;PNG
7;Iranian;payment;withdrawal Aragón multitarea
8;dinámica;Facilitador Aragón;leverage Electrónica Vía
9;pixel optical;clicks-and-mortar;Personal
10;fritas;servidor;index
